City_ID,City,Lat,Lng,Max Temp,Humidity,Cloudiness,Wind Speed,Country,Date
0,coxen hole,16.3244,-86.5366,30.6,62,0,4.12,HN,1690413068
1,fortuna,40.5982,-124.1573,22.18,67,0,6.17,US,1690413068
2,al jawf,29.5,38.75,29.82,19,8,3.52,SA,1690413068
3,ilulissat,69.2167,-51.1,13.01,50,0,4.12,GL,1690412878
4,coyhaique,-45.5752,-72.0662,-0.03,93,100,1.54,CL,1690413068
5,ust-nera,64.5667,143.2,13.74,65,91,2.98,RU,1690413068
6,bilibino,68.0546,166.4372,11.94,67,35,2.09,RU,1690413068
7,hawaiian paradise park,19.5933,-154.9731,28.74,80,40,4.63,US,1690412898
8,albany,42.6001,-73.9662,28.68,69,83,0.2,US,1690412950
9,waitangi,-43.9535,-176.5597,9.34,89,95,2.68,NZ,1690412925
10,puerto natales,-51.7236,-72.4875,-0.74,92,100,1.75,CL,1690413069
11,kodiak,57.79,-152.4072,14.73,82,100,3.09,US,1690413069
12,isafjordur,66.0755,-23.124,7.18,83,79,5.38,IS,1690412907
13,grytviken,-54.2811,-36.5092,0.11,98,100,4.74,GS,1690413069
14,west island,-12.1568,96.8225,23.99,88,75,10.29,CC,1690413069
15,bahia de kino,28.8333,-111.9333,38.29,57,1,5.45,MX,1690413069
16,port-aux-francais,-49.35,70.2167,4.84,77,78,18.14,TF,1690413069
17,trondheim,63.4305,10.3951,15.03,92,72,1.26,NO,1690413069
18,afaahiti,-17.75,-149.2833,24.93,86,55,3.79,PF,1690413069
19,yellowknife,62.456,-114.3525,24.44,30,1,4.07,CA,1690412896
20,college,64.8569,-147.8028,28.37,58,75,0.89,US,1690413070
21,tolanaro,-25.0319,46.9987,19.16,60,87,3.73,MG,1690413070
22,tazacorte,28.629,-17.9293,23.54,91,20,6.69,ES,1690413070
23,grand falls-windsor,48.9332,-55.6649,20.41,85,80,2.7,CA,1690412899
24,qaqortoq,60.7167,-46.0333,6.56,84,89,2.21,GL,1690413070
25,susuman,62.7833,148.1667,10.31,86,100,2.03,RU,1690412270
26,el calafate,-50.3408,-72.2768,-3.61,74,81,0.7,AR,1690413070
27,katsuura,35.1333,140.3,27.71,77,5,3.04,JP,1690412998
28,georgetown,5.4112,100.3354,26.96,89,40,0.0,MY,1690412813
29,alice springs,-23.7,133.8833,13.75,67,100,0.0,AU,1690412981
30,souk ahras,36.2864,7.9511,19.54,78,0,0.82,DZ,1690413070
31,adamstown,-25.066,-130.1015,19.64,65,75,7.65,PN,1690413070
32,jamestown,42.097,-79.2353,27.79,55,100,5.14,US,1690413070
33,island harbour,50.724,-1.2758,16.75,95,100,5.81,GB,1690412968
34,yuzhno-kurilsk,44.0306,145.8556,20.71,87,77,2.11,RU,1690413070
35,port alfred,-33.5906,26.891,15.1,91,100,3.13,ZA,1690412945
36,bantay,17.5847,120.3892,28.31,79,100,11.5,PH,1690413071
37,rafsanjan,30.4067,55.9939,30.06,16,3,2.69,IR,1690413071
38,wailua homesteads,22.0669,-159.378,30.44,73,20,6.17,US,1690412988
39,kapit,2.0167,112.9333,23.07,91,50,0.52,MY,1690413071
40,talnakh,69.4865,88.3972,22.34,63,26,2.43,RU,1690413071
41,new norfolk,-42.7826,147.0587,9.84,85,100,1.48,AU,1690413071
42,kimbe,-5.5502,150.1429,27.37,76,91,3.21,PG,1690413071
43,dudinka,69.4058,86.1778,22.57,71,7,1.88,RU,1690413071
44,blackmans bay,-43.0167,147.3167,9.18,86,100,2.2,AU,1690413071
45,sol'tsy,58.1239,30.3238,12.53,97,29,2.47,RU,1690413071
46,kalifornsky,60.4183,-151.29,15.19,88,0,4.63,US,1690413071
47,nouadhibou,20.931,-17.0347,22.99,73,81,8.23,MR,1690413071
48,vadso,70.0744,29.7487,10.09,93,100,0.0,NO,1690413072
49,bredasdorp,-34.5322,20.0403,9.31,92,51,2.26,ZA,1690413072
50,alaghsas,17.0187,8.0168,31.76,38,52,3.52,NE,1690413072
51,roma,43.2128,-75.4557,28.86,59,20,3.09,US,1690413072
52,ushuaia,-54.8,-68.3,0.81,80,20,7.72,AR,1690413072
53,iskateley,67.6803,53.1512,14.74,75,49,1.75,RU,1690412817
54,kashgar,39.4547,75.9797,26.09,36,79,1.0,CN,1690413072
55,la passe,45.5549,-0.8967,19.43,92,1,2.6,FR,1690413072
56,cowra,-33.8333,148.6833,8.94,68,0,0.98,AU,1690413072
57,brumunddal,60.881,10.9395,9.83,94,21,0.22,NO,1690413072
58,souillac,-20.5167,57.5167,19.21,94,20,1.54,MU,1690413072
59,tomatlan,19.9333,-105.25,31.99,55,89,3.78,MX,1690413072
60,ben gardane,33.1378,11.2197,27.32,66,0,5.19,TN,1690413073
61,rantepao,-2.9701,119.8978,18.32,95,48,0.91,ID,1690413073
62,crane,31.3974,-102.3501,36.47,21,29,7.25,US,1690413073
63,thayetmyo,19.3167,95.1833,24.4,90,36,2.24,MM,1690413073
64,fale old settlement,-9.3852,-171.2468,28.4,73,15,8.39,TK,1690413073
65,bethel,41.3712,-73.414,29.09,69,0,3.09,US,1690413073
66,vernon,50.2581,-119.2691,26.63,27,41,1.79,CA,1690413013
67,tual,-5.6667,132.75,26.02,85,88,9.34,ID,1690413073
68,loreto,22.2667,-101.9667,24.77,26,100,6.2,MX,1690413073
69,haiku-pauwela,20.9219,-156.3051,30.01,64,40,12.35,US,1690413073
70,margaret river,-33.95,115.0667,12.79,73,100,7.16,AU,1690413073
71,tari,12.4086,4.4914,28.73,65,58,5.61,NG,1690413074
72,tsiombe,-25.3,45.4833,18.06,58,0,5.84,MG,1690413074
73,petropavlovsk-kamchatsky,53.0452,158.6483,20.33,73,0,2.0,RU,1690412558
74,chinde,26.8418,88.0763,18.32,88,97,1.69,NP,1690413074
75,fortaleza,-3.7227,-38.5247,27.07,78,20,4.63,BR,1690413065
76,kayangel,8.0823,134.7173,25.8,90,100,9.99,PW,1690412991
77,magadan,59.5667,150.8,15.85,97,100,2.9,RU,1690413074
78,edinburgh of the seven seas,-37.0676,-12.3116,10.4,63,63,10.9,SH,1690413074
79,longyearbyen,78.2186,15.6401,10.91,82,40,2.57,SJ,1690412903
80,badger,64.8,-147.5333,28.32,56,75,0.45,US,1690413074
81,visakhapatnam,17.69,83.2093,25.26,91,99,7.51,IN,1690413074
82,kailua-kona,19.6406,-155.9956,31.39,77,40,5.66,US,1690412925
83,ciudad lazaro cardenas,17.9583,-102.2,31.02,59,38,4.6,MX,1690413075
84,fort bragg,35.139,-79.006,34.39,62,100,6.69,US,1690413075
85,sereflikochisar,38.9393,33.5386,25.0,31,0,2.12,TR,1690412958
86,papatowai,-46.5619,169.4708,5.69,85,100,11.86,NZ,1690413075
87,kerikeri,-35.2268,173.9474,13.84,86,95,0.89,NZ,1690413075
88,chonchi,-42.6128,-73.8092,8.4,97,100,0.58,CL,1690413075
89,thompson,55.7435,-97.8558,16.99,59,100,1.41,CA,1690412807
90,iqaluit,63.7506,-68.5145,4.34,79,98,2.22,CA,1690413075
91,alur,12.9833,75.9833,18.8,94,100,6.97,IN,1690413075
92,carnarvon,-24.8667,113.6333,15.83,57,31,6.04,AU,1690413075
93,lebu,-37.6167,-73.65,8.89,84,100,1.29,CL,1690413075
94,puerto el triunfo,13.2833,-88.55,29.73,68,81,2.63,SV,1690413075
95,tralee,52.2704,-9.7026,16.16,98,100,3.81,IE,1690413076
96,praia da vitoria,38.7333,-27.0667,21.53,87,9,2.37,PT,1690412899
97,luderitz,-26.6481,15.1594,12.8,71,0,4.01,NA,1690412801
98,isangel,-19.55,169.2667,21.64,60,90,7.75,VU,1690413076
99,strelka,58.0728,93.0344,15.51,97,97,1.6,RU,1690413076
100,udachny,66.4167,112.4,18.03,67,100,1.13,RU,1690413076
101,selfoss,63.9331,-20.9971,11.14,78,100,1.49,IS,1690413076
102,vorgashor,67.5833,63.95,13.8,94,100,2.88,RU,1690412989
103,san rafael,-34.6177,-68.3301,11.62,45,95,2.71,AR,1690412990
104,labrador city,52.9463,-66.9114,16.99,69,75,4.91,CA,1690413009
105,tadine,-21.55,167.8833,20.91,56,96,8.46,NC,1690413076
106,kurumkan,54.3,110.3,17.15,89,100,0.3,RU,1690413000
107,utrik,11.2278,169.8474,28.18,81,100,8.57,MH,1690413076
108,cole harbour,44.6724,-63.4751,23.43,83,30,0.45,CA,1690413077
109,geraldton,-28.7667,114.6,9.23,93,75,2.57,AU,1690412991
110,mount isa,-20.7333,139.5,19.87,73,75,5.14,AU,1690412951
111,makhambet,47.6667,51.5833,26.77,43,36,2.97,KZ,1690413078
112,colonia,50.9333,6.95,17.81,71,0,3.6,DE,1690412990
113,floro,61.5996,5.0328,15.04,88,97,2.57,NO,1690413080
114,kudahuvadhoo,2.6708,72.8944,28.21,77,50,4.53,MV,1690413080
115,cidreira,-30.1811,-50.2056,17.33,89,100,6.19,BR,1690412914
116,karratha,-20.7377,116.8463,19.02,69,42,3.61,AU,1690413080
117,charters towers,-20.1,146.2667,17.2,69,33,5.87,AU,1690413080
118,rancho palos verdes,33.7445,-118.387,37.82,62,20,7.2,US,1690412920
119,rikaze,29.25,88.8833,11.37,80,100,2.46,CN,1690413080
120,guarapari,-20.6667,-40.4975,21.61,86,8,4.29,BR,1690412898
121,port elizabeth,-33.918,25.5701,14.16,67,20,2.57,ZA,1690413081
122,igarka,67.4667,86.5833,18.52,86,1,2.76,RU,1690413081
123,trincomalee,8.5711,81.2335,27.16,75,100,9.03,LK,1690413081
124,east london,-33.0153,27.9116,17.38,73,83,6.84,ZA,1690413081
125,kamina,-8.7386,24.9906,17.16,35,2,2.31,CD,1690413081
126,brisas de zicatela,15.8369,-97.0419,31.29,55,75,3.09,MX,1690413082
127,rio grande,-32.035,-52.0986,15.06,85,64,7.07,BR,1690412983
128,ares,-6.1944,-35.1603,23.42,88,6,5.09,BR,1690413082
129,ribeira grande,38.5167,-28.7,23.21,94,13,4.02,PT,1690412931
130,quang ngai,15.1167,108.8,24.92,88,76,2.11,VN,1690413082
131,auki,-8.7676,160.7034,26.31,88,100,2.83,SB,1690413082
132,keflavik,64.0049,-22.5624,11.95,87,75,3.6,IS,1690413082
133,vrangel',42.7297,133.0839,21.87,90,100,1.72,RU,1690413082
134,xining,36.6167,101.7667,13.47,94,100,1.09,CN,1690412827
135,puerto san jose,13.9256,-90.8244,31.22,60,29,4.22,GT,1690413082
136,kismayo,-0.3582,42.5454,24.42,80,72,6.73,SO,1690412927
137,tiksi,71.6872,128.8694,8.2,67,41,1.53,RU,1690413083
138,yaren,-0.5472,166.916,28.29,77,98,4.38,NR,1690413083
139,la grande,45.3246,-118.0877,30.0,24,0,4.86,US,1690412970
140,liuboml,51.226,24.0373,12.62,97,100,6.7,UA,1690413083
141,olonkinbyen,70.9221,-8.7187,4.68,89,100,5.55,SJ,1690412887
142,mar del plata,-38.0023,-57.5575,10.05,82,100,8.05,AR,1690412814
143,santiago de cao,-7.9589,-79.2392,22.07,83,50,4.63,PE,1690413083
144,puerto ayora,-0.7393,-90.3518,25.31,91,91,3.13,EC,1690413083
145,harduaganj,27.95,78.1667,25.68,90,100,2.48,IN,1690413083
146,askino,56.0901,56.5783,16.6,84,66,1.34,RU,1690413083
147,hithadhoo,-0.6,73.0833,28.21,79,45,6.82,MV,1690413083
148,saint-joseph,-21.3667,55.6167,19.21,84,47,4.42,RE,1690413084
149,usinsk,65.9939,57.5281,13.47,93,72,2.49,RU,1690413084
150,saladan,7.6134,99.0365,27.3,83,85,6.27,TH,1690413084
151,margate,51.3813,1.3862,16.28,94,100,4.47,GB,1690412970
152,ebon,4.582,168.6964,27.27,78,88,1.92,MH,1690413084
153,vung tau,10.346,107.0843,26.66,88,100,6.94,VN,1690413084
154,malango,-2.9627,119.9001,18.34,95,48,0.91,ID,1690413084
155,kiuruvesi,63.65,26.6167,11.68,95,9,1.07,FI,1690413084
156,khandyga,62.6667,135.6,19.15,41,0,5.2,RU,1690413084
157,polyarnyy,69.1989,33.4478,10.24,97,100,1.29,RU,1690413001
158,klyuchi,52.2667,79.1667,22.0,37,100,2.77,RU,1690412911
159,ocean acres,39.7435,-74.281,29.01,74,1,1.34,US,1690413084
160,minas de barroteran,27.6333,-101.2833,37.89,16,0,7.95,MX,1690413084
161,campoverde,-8.4753,-74.8058,29.83,48,67,1.64,PE,1690413085
162,christchurch,-43.5333,172.6333,10.26,78,24,3.6,NZ,1690413031
163,baxter,46.3433,-94.2867,34.18,43,0,0.0,US,1690413085
164,san luis de la loma,17.2706,-100.8939,31.48,63,62,4.37,MX,1690413085
165,am timan,11.0297,20.2827,23.15,91,99,3.01,TD,1690413085
166,vila velha,-20.3297,-40.2925,21.64,87,0,2.06,BR,1690412987
167,weno,7.4515,151.8468,27.84,77,69,3.72,FM,1690413085
168,victoriaville,46.0501,-71.9658,24.71,83,85,3.14,CA,1690413085
169,juneau,58.3019,-134.4197,17.0,100,100,4.12,US,1690413085
170,laguna,38.421,-121.4238,37.88,31,0,4.63,US,1690412558
171,la'ie,21.6477,-157.9253,30.98,69,40,6.51,US,1690413085
172,constantia,44.1833,28.65,23.38,79,34,6.82,RO,1690413027
173,ixtapa,20.7,-105.2,30.57,70,100,2.06,MX,1690413085
174,klaksvik,62.2266,-6.589,9.51,77,44,2.25,FO,1690413086
175,portland,45.5234,-122.6762,30.34,35,40,4.12,US,1690413004
176,anadyr,64.75,177.4833,11.67,81,75,4.0,RU,1690413086
177,znamensk,48.5842,45.7338,24.97,38,15,1.45,RU,1690413086
178,nsanje,-16.92,35.262,16.45,93,42,0.84,MW,1690412894
179,concordia,-31.393,-58.0209,9.88,84,1,3.13,AR,1690412868
180,codrington,-38.2667,141.9667,8.81,76,5,6.17,AU,1690413086
181,hermanus,-34.4187,19.2345,12.28,83,9,3.03,ZA,1690413086
182,vielha,42.6846,0.7726,12.26,77,2,2.23,ES,1690413086
183,mountain home,43.133,-115.6912,34.71,17,0,3.6,US,1690412792
184,santa terezinha,-29.9002,-50.0904,17.74,90,100,5.64,BR,1690413086
185,manakara,-22.1333,48.0167,17.42,72,62,2.1,MG,1690413086
186,lihue,21.9789,-159.3672,30.77,65,20,6.17,US,1690413086
187,nantucket,41.2835,-70.0995,25.64,87,0,8.01,US,1690412979
188,richards bay,-28.783,32.0377,18.46,69,0,8.27,ZA,1690413086
189,mil'kovo,55.6078,37.7956,18.73,91,57,2.55,RU,1690413087
190,stanley,54.868,-1.6985,13.49,94,75,2.06,GB,1690412797
191,choibalsan,48.0667,114.5,17.87,73,2,3.21,MN,1690413087
192,sinop,41.7711,34.8709,22.97,43,0,4.82,TR,1690413087
193,ma'rib,15.4591,45.3253,29.58,25,70,2.04,YE,1690413087
194,urangan,-25.3,152.9,19.67,60,47,6.4,AU,1690413087
195,kertih,4.5141,103.4483,24.15,89,100,1.69,MY,1690412932
196,vila franca do campo,37.7167,-25.4333,21.23,82,22,2.01,PT,1690413087
197,st. john's,47.5649,-52.7093,21.98,70,96,5.29,CA,1690413033
198,touros,-5.1989,-35.4608,24.78,84,8,6.61,BR,1690412905
199,kamloops,50.6665,-120.3192,26.43,30,40,1.54,CA,1690413087
200,vilyuchinsk,52.9306,158.4028,22.15,73,100,1.46,RU,1690413087
201,yanam,16.7333,82.2167,24.48,92,100,4.66,IN,1690413087
202,papao,-17.75,-149.55,25.82,88,51,4.48,PF,1690413087
203,broken hill,-31.95,141.4333,13.42,48,0,7.16,AU,1690413087
204,vanimo,-2.6741,141.3028,26.29,88,100,1.63,PG,1690413010
205,port shepstone,-30.7414,30.455,17.85,59,0,2.81,ZA,1690413088
206,farasan,16.7022,42.1183,31.62,74,63,5.73,SA,1690413088
207,atafu village,-8.5421,-172.5159,28.42,74,30,8.55,TK,1690413088
208,ust-tsilma,65.441,52.1498,12.78,90,15,1.19,RU,1690413088
209,oranjemund,-28.55,16.4333,12.13,74,0,2.52,NA,1690413088
210,aasiaat,68.7098,-52.8699,3.62,91,37,4.03,GL,1690413056
211,port lincoln,-34.7333,135.8667,14.22,56,51,8.23,AU,1690413088
212,chake chake,-5.2459,39.7666,23.89,78,45,5.64,TZ,1690413088
213,ivdel',60.6911,60.4206,12.76,92,1,1.91,RU,1690413088
214,gadzhiyevo,69.2551,33.3362,10.07,96,100,1.19,RU,1690413088
215,ola,59.5833,151.2833,16.19,97,100,3.21,RU,1690413088
216,saipan,15.1355,145.701,27.39,100,100,7.2,MP,1690413088
217,plastun,44.7561,136.2939,26.19,62,73,1.35,RU,1690413088
218,hamilton,39.1834,-84.5333,31.34,69,0,8.75,US,1690413089
219,avarua,-21.2078,-159.775,24.03,69,40,3.09,CK,1690413089
220,kirensk,57.7853,108.1119,19.02,86,90,0.68,RU,1690413089
221,alofi,-19.0595,-169.9187,24.94,57,75,1.03,NU,1690412903
222,rumonge,-3.9736,29.4386,21.86,45,22,1.43,BI,1690413089
223,east ballina,-28.8667,153.5833,14.33,60,62,1.39,AU,1690412798
224,san patricio,28.017,-97.5169,36.4,48,0,7.87,US,1690412945
225,yuza,39.0,139.9167,27.48,76,43,2.39,JP,1690413089
226,peterhead,57.5058,-1.7981,13.22,81,17,5.65,GB,1690413021
227,ta`u,-14.2336,-169.5144,25.55,73,97,5.15,AS,1690412558
228,borzya,50.3833,116.5167,16.85,86,52,2.93,RU,1690413089
229,ghadamis,30.1337,9.5007,36.13,9,0,3.5,LY,1690412981
230,uturoa,-16.7333,-151.4333,25.61,84,50,4.37,PF,1690412331
231,palikir - national government center,6.9248,158.1611,29.47,79,40,2.06,FM,1690412991
232,viana do castelo,41.6932,-8.8329,17.47,93,3,4.38,PT,1690413089
233,sao felix do xingu,-6.6447,-51.995,27.67,42,26,0.12,BR,1690412803
234,okhotsk,59.3833,143.3,15.14,92,100,1.34,RU,1690413090
235,kavaratti,10.5669,72.642,27.65,76,100,6.51,IN,1690413090
236,juan griego,11.0817,-63.9655,27.11,80,86,4.76,VE,1690413090
237,burutu,5.3509,5.5076,25.23,89,87,3.09,NG,1690413090
238,miramichi,47.0043,-65.4654,23.6,64,34,2.06,CA,1690413090
239,kilindoni,-7.9139,39.6668,25.28,75,80,7.88,TZ,1690413090
240,flying fish cove,-10.4217,105.6791,24.82,83,100,4.63,CX,1690413090
241,nova sintra,14.8667,-24.7167,22.86,87,53,6.06,CV,1690413090
242,acapulco de juarez,16.8634,-99.8901,31.9,62,40,4.12,MX,1690412821
243,bonen,51.6,7.7667,16.62,85,75,3.09,DE,1690413090
244,bodaybo,57.8506,114.1933,21.12,77,5,0.19,RU,1690413090
245,minas de marcona,-15.2119,-75.1103,12.87,82,23,6.38,PE,1690413090
246,sechura,-5.5569,-80.8222,24.85,64,63,8.44,PE,1690413090
247,brena alta,28.65,-17.7833,21.97,73,20,6.69,ES,1690413090
248,ouadda,8.0777,22.4007,21.41,90,100,0.34,CF,1690413091
249,kokkola,63.8385,23.1307,14.96,97,75,0.0,FI,1690413091
250,poronaysk,49.2167,143.1167,20.88,82,61,0.72,RU,1690413091
251,ntungamo,-0.8833,29.65,20.17,67,70,0.87,UG,1690413091
252,pauini,-7.7136,-66.9764,27.79,48,13,0.85,BR,1690413082
253,saint-pierre,-21.3393,55.4781,19.82,83,20,2.57,RE,1690413091
254,bamboo flat,11.7,92.7167,28.05,83,75,3.6,IN,1690413091
255,howrah,22.5892,88.3103,28.0,89,40,2.57,IN,1690413091
256,nemuro,43.3236,145.575,17.39,96,81,0.67,JP,1690413091
257,kununurra,-15.7667,128.7333,14.99,82,6,0.0,AU,1690413061
258,torghay,49.6339,63.4981,20.58,70,4,2.53,KZ,1690413091
259,johvi,59.3592,27.4211,14.26,88,39,6.2,EE,1690413091
260,luwuk,-0.9516,122.7875,25.19,85,73,2.43,ID,1690413092
261,strathaven,55.6771,-4.0668,13.05,91,100,2.48,GB,1690413092
262,serchhip,23.3,92.8333,19.38,99,78,0.73,IN,1690413092
263,mount gambier,-37.8333,140.7667,8.8,70,2,4.82,AU,1690412904
264,gurupi,-11.7292,-49.0686,26.35,29,50,2.7,BR,1690413092
265,las lomas,8.4333,-82.4,28.67,79,75,4.47,PA,1690413092
266,port mathurin,-19.6833,63.4167,23.7,76,61,5.77,MU,1690413092
267,coro,11.4045,-69.6734,26.7,84,98,4.93,VE,1690413092
268,leersum,52.0117,5.4278,17.14,77,98,0.45,NL,1690413092
269,qarazhal,48.0078,70.7903,24.74,41,100,4.47,KZ,1690413092
270,ketchikan,55.3422,-131.6461,19.26,68,75,4.63,US,1690413092
271,lionel town,17.8101,-77.2406,29.9,68,100,1.52,JM,1690413092
272,piterka,50.6803,47.4454,23.82,49,2,3.47,RU,1690413092
273,taltal,-25.4,-70.4833,14.95,88,26,1.85,CL,1690413093
274,baruun-urt,46.6806,113.2792,17.82,63,1,3.23,MN,1690412955
275,tura,25.5198,90.2201,23.73,98,100,2.95,IN,1690413093
276,racine,42.7495,-88.0751,29.51,74,0,4.63,US,1690412810
277,bonthe,7.5264,-12.505,24.68,91,86,2.78,SL,1690413093
278,sitka,57.0531,-135.33,15.94,82,100,1.54,US,1690413093
279,laboulaye,-34.1266,-63.3912,8.91,49,41,2.72,AR,1690413093
280,rozhdestvenskiy,43.8664,39.5839,20.99,67,0,1.79,RU,1690413093
281,namdrik,5.5994,168.1028,28.24,75,82,3.09,MH,1690413093
282,kone,-21.0595,164.8658,22.01,43,5,3.33,NC,1690413093
283,grande prairie,55.1667,-118.8027,12.93,91,100,6.29,CA,1690412842
284,sandnessjoen,66.0217,12.6316,13.29,86,89,2.29,NO,1690412986
285,pugachev,52.0133,48.8025,21.5,55,7,3.47,RU,1690413094
286,nagqu,31.5,92.0,4.18,78,100,1.39,CN,1690413094
287,borgarnes,64.5383,-21.9206,12.03,84,95,4.88,IS,1690413094
288,ribeira brava,32.65,-17.0667,22.35,78,31,2.07,PT,1690413094
289,orivesi,61.6777,24.3572,16.16,84,100,2.52,FI,1690413094
290,tannum sands,-23.9504,151.3693,20.42,60,31,7.72,AU,1690413094
291,inirida,3.8653,-67.9239,26.14,80,29,0.23,CO,1690413094
292,arenapolis,-14.4503,-56.8461,26.32,32,2,1.11,BR,1690413095
293,morehead city,34.7229,-76.726,30.57,79,0,4.12,US,1690413095
294,slaton,33.4373,-101.6435,38.2,18,62,5.88,US,1690413095
295,port blair,11.6667,92.75,28.02,83,75,3.6,IN,1690413095
296,maun,-19.9833,23.4167,13.98,44,0,1.54,BW,1690413095
297,qamdo,31.1667,97.2333,0.66,91,8,2.43,CN,1690413095
298,jashpurnagar,22.9,84.15,22.44,94,68,3.65,IN,1690413095
299,bodo,67.28,14.405,14.87,86,0,1.03,NO,1690413095
300,dampit,-8.2116,112.7493,17.52,90,79,1.64,ID,1690413095
301,port douglas,-16.4833,145.4667,22.35,78,84,7.4,AU,1690413095
302,prince rupert,54.3161,-130.3201,17.28,71,80,2.6,CA,1690413034
303,cifteler,39.3831,31.0392,25.38,24,0,1.98,TR,1690413095
304,kabinda,-6.1333,24.4833,19.7,32,55,2.04,CD,1690413095
305,sault ste. marie,46.5168,-84.3333,23.31,87,0,3.09,CA,1690412939
306,kanniyakumari,8.0833,77.5667,25.75,80,100,6.78,IN,1690413096
307,robore,-18.3333,-59.75,26.05,43,100,2.31,BO,1690413096
308,caleta de carquin,-11.0925,-77.6267,19.97,78,23,4.71,PE,1690413096
309,columbia falls,48.3725,-114.1815,28.22,15,0,5.66,US,1690413096
310,sotnikovskoye,45.0039,43.7772,21.04,64,16,3.46,RU,1690413096
311,kralendijk,12.15,-68.2667,28.99,79,20,9.26,BQ,1690413096
312,sur,22.5667,59.5289,28.46,72,88,6.12,OM,1690413096
313,kill devil hills,36.0307,-75.676,31.1,70,0,6.17,US,1690412805
314,whitehorse,60.7161,-135.0538,22.79,52,100,1.79,CA,1690413064
315,dubrovnik,42.6481,18.0922,23.8,49,0,9.26,HR,1690413097
316,pinotepa nacional,16.3167,-98.0167,31.12,58,16,3.39,MX,1690412937
317,port nelson,23.6333,-74.8333,29.02,77,89,8.1,BS,1690413097
318,vallenar,-28.5708,-70.7581,17.58,58,26,1.75,CL,1690413097
319,scottburgh,-30.2867,30.7532,16.72,51,0,1.89,ZA,1690413097
320,lesogorsk,56.0458,99.5136,14.86,97,85,1.25,RU,1690413097
321,atar,20.5169,-13.0499,38.06,10,65,3.99,MR,1690413097
322,sao francisco do sul,-26.2433,-48.6381,19.69,81,100,1.53,BR,1690413097
323,san fernando de apure,7.8878,-67.4724,25.49,94,35,0.93,VE,1690413097
324,fisterra,42.9049,-9.2629,19.3,86,15,6.03,ES,1690413097
325,pikalevo,59.5183,34.1664,10.4,99,18,1.85,RU,1690413098
326,arkhangel'sk,64.5401,40.5433,14.38,86,100,1.67,RU,1690413098
327,shenjiamen,29.9576,122.298,25.77,89,100,4.62,CN,1690413098
328,jining,35.405,116.5814,25.32,79,29,1.93,CN,1690413042
329,saudarkrokur,65.7461,-19.6394,8.27,89,9,2.92,IS,1690413098
330,sinabang,2.4803,96.3801,26.31,85,100,0.93,ID,1690412975
331,lompoc,34.6391,-120.4579,33.08,81,100,5.36,US,1690413098
332,gusau,12.1628,6.6614,27.35,67,36,4.66,NG,1690413098
333,genhe,50.7833,121.5167,18.09,92,100,1.23,CN,1690413098
334,dongxing,45.3667,130.8,24.67,76,61,1.73,CN,1690413098
335,ambatofinandrahana,-20.55,46.8,7.48,88,14,2.11,MG,1690413098
336,ostersund,63.1792,14.6357,13.12,35,100,1.54,SE,1690413098
337,kolonia town,6.964,158.206,30.06,79,40,2.06,FM,1690413098
338,timmins,48.4669,-81.3331,18.53,95,100,2.72,CA,1690413098
339,tromso,69.6496,18.957,11.32,87,20,5.14,NO,1690413099
340,port macquarie,-31.4333,152.9167,14.94,77,9,1.95,AU,1690413099
341,quiberon,47.4841,-3.1196,17.82,90,89,5.81,FR,1690413099
342,clarion,41.2148,-79.3853,28.54,63,31,0.45,US,1690412800
343,san clemente del tuyu,-36.3569,-56.7235,8.88,82,2,8.14,AR,1690413099
344,kingston,17.997,-76.7936,32.36,74,100,0.89,JM,1690413099
345,hilo,19.7297,-155.09,28.86,79,40,4.63,US,1690413099
346,san julian,21.0167,-102.1667,23.25,47,83,6.6,MX,1690413099
347,colares,38.7992,-9.4469,19.63,82,8,13.41,PT,1690413099
348,husiatyn,49.0726,26.2141,16.32,100,100,6.76,UA,1690413099
349,usogorsk,63.4106,48.6872,13.79,78,97,2.28,RU,1690413099
350,at taj,24.2049,23.2857,28.83,12,39,4.08,LY,1690413099
351,invercargill,-46.4,168.35,7.36,62,100,8.72,NZ,1690412938
352,xinzhi,36.4989,111.7047,26.51,64,42,0.99,CN,1690413100
353,lerwick,60.1545,-1.1494,10.0,85,4,1.89,GB,1690413100
354,nar'yan-mar,67.6713,53.087,14.91,74,54,1.68,RU,1690413100
355,argo,37.6333,22.7333,29.32,48,6,2.52,GR,1690413100
356,yoakum,29.2878,-97.1519,38.34,42,80,7.94,US,1690413100
357,ingeniero guillermo n. juarez,-23.9,-61.85,16.83,68,98,2.8,AR,1690413100
358,i-n-salah,27.1935,2.4607,39.7,11,15,2.83,DZ,1690413100
359,ancud,-41.8697,-73.8203,7.83,86,100,1.21,CL,1690413101
360,al matlin,37.2452,10.05,24.77,63,0,8.3,TN,1690413101
361,prymors'k,46.7348,36.3443,23.63,79,0,4.55,UA,1690413102
362,uyuni,-20.4597,-66.825,4.79,22,0,2.45,BO,1690413102
363,manokwari,-0.8667,134.0833,26.42,80,42,1.55,ID,1690413102
364,bannalec,47.9323,-3.6976,16.94,82,97,5.99,FR,1690413102
365,punta arenas,-53.15,-70.9167,0.51,74,18,5.3,CL,1690413035
366,celestun,20.8667,-90.4,29.21,73,98,9.27,MX,1690413102
367,cao bang,22.6667,106.25,24.85,93,96,0.21,VN,1690413103
368,itoman,26.1247,127.6694,29.01,84,100,6.69,JP,1690413103
369,coquimbo,-29.9533,-71.3436,13.85,88,75,2.06,CL,1690413103
370,choloma,15.6144,-87.953,32.09,70,20,5.14,HN,1690413103
371,bardai,11.65,7.2333,24.5,79,93,4.97,NG,1690413103
372,ostroleka,53.0862,21.5757,14.4,83,100,3.01,PL,1690413103
373,benito juarez,19.385,-99.165,20.56,53,100,5.14,MX,1690412859
374,nizhnesortymskiy,62.4397,71.7603,16.53,93,100,2.7,RU,1690413104
375,las heras,-46.5419,-68.9359,-0.69,64,100,2.44,AR,1690413086
376,hammerfest,70.6634,23.6821,10.25,87,20,4.12,NO,1690413104
377,galveston,29.3669,-94.9669,35.05,65,0,4.63,US,1690412954
378,tindouf,27.6711,-8.1474,27.02,24,0,9.08,DZ,1690413104
379,megion,61.0296,76.1136,17.01,95,79,3.0,RU,1690413104
380,la ronge,55.1001,-105.2842,13.39,91,100,4.96,CA,1690413104
381,nuevo imperial,-13.0754,-76.3172,18.52,82,30,1.97,PE,1690413105
382,kabompo,-13.5927,24.2008,13.47,45,2,2.29,ZM,1690413105
383,mangrol,21.1167,70.1167,27.14,86,100,8.05,IN,1690413105
384,greymouth,-42.4667,171.2,8.77,69,95,8.3,NZ,1690413105
385,hirara,24.8,125.2833,28.92,84,75,9.26,JP,1690413105
386,elesbao veloso,-6.2019,-42.1403,26.69,35,8,2.26,BR,1690413105
387,kudymkar,59.0173,54.656,12.93,86,83,1.69,RU,1690413105
388,glendive,47.1053,-104.7125,34.79,18,20,5.66,US,1690413106
389,pavugada,14.1,77.2667,21.01,88,100,9.07,IN,1690413106
390,kruisfontein,-34.0033,24.7314,12.16,75,100,4.59,ZA,1690413106
391,pisco,-13.7,-76.2167,19.03,72,0,7.72,PE,1690413006
392,borba,-4.3878,-59.5939,28.82,45,9,1.21,BR,1690413106
393,lobujya,27.95,86.8167,3.38,96,100,1.82,NP,1690413106
394,whakatane,-37.9585,176.9854,9.87,82,65,0.89,NZ,1690413106
395,umm kaddadah,13.6017,26.6876,27.47,59,100,6.95,SD,1690413069
396,neryungri,56.6709,124.6491,19.18,82,75,1.33,RU,1690413106
397,palo santo,-25.5633,-59.3378,15.46,79,93,2.24,AR,1690413106
398,mount pleasant,32.7941,-79.8626,31.1,75,20,3.09,US,1690413053
399,tarko-sale,64.9225,77.785,18.91,68,77,2.22,RU,1690413106
400,namibe,-15.1961,12.1522,16.13,88,84,3.23,AO,1690413106
401,chui,-33.6971,-53.4616,10.77,83,50,6.37,UY,1690413106
402,abeche,13.8292,20.8324,27.04,63,42,3.94,TD,1690413106
403,fortuna foothills,32.6578,-114.4119,45.86,22,20,3.6,US,1690413107
404,sakaiminato,35.55,133.2333,27.46,75,0,0.59,JP,1690413107
405,dois vizinhos,-25.7336,-53.0572,16.91,74,94,0.59,BR,1690413107
406,basco,20.4487,121.9702,29.88,72,100,17.45,PH,1690413107
407,tupiza,-21.45,-65.7167,10.83,29,0,3.0,BO,1690413107
408,wabag,-5.4781,143.7021,16.98,80,41,0.26,PG,1690413107
409,aksu,41.1231,80.2644,26.41,34,8,0.82,CN,1690413107
410,esens,53.6487,7.6127,14.43,89,15,2.06,DE,1690413107
411,aswan,24.0934,32.907,34.9,13,99,3.31,EG,1690413107
412,kulittalai,10.9167,78.4167,27.0,68,96,6.6,IN,1690413107
413,nadym,65.5333,72.5167,17.68,82,17,3.14,RU,1690413107
414,enewetak,11.3474,162.3373,28.4,76,93,6.35,MH,1690412910
415,strezhevoy,60.7333,77.5889,15.18,94,64,2.69,RU,1690413108
416,chibougamau,49.9168,-74.3659,20.33,64,100,4.42,CA,1690413108
417,weinan,34.5036,109.5089,26.76,63,90,1.39,CN,1690412913
418,domna,51.8971,113.1573,16.09,100,75,2.0,RU,1690413108
419,galliano,29.4422,-90.2992,33.33,48,24,4.47,US,1690412993
420,uruzgan,32.8333,66.0,24.97,41,27,0.59,AF,1690413108
421,sucua,-2.4667,-78.1667,26.41,69,40,2.57,EC,1690413108
422,chkalovsk,56.7647,43.2433,19.01,93,61,5.34,RU,1690413108
423,muisne,0.6,-80.0333,25.44,81,68,3.35,EC,1690413108
424,newborough,52.6389,-0.2233,15.8,95,100,4.63,GB,1690413108
425,mbuji-mayi,-6.15,23.6,23.65,29,42,1.94,CD,1690413108
426,pangody,65.85,74.4859,19.68,65,97,3.08,RU,1690413108
427,lata,40.1629,-8.3327,17.82,96,17,1.57,PT,1690413108
428,romodanovo,54.4275,45.3296,19.79,90,32,5.88,RU,1690413108
429,walvis bay,-22.9575,14.5053,11.16,77,8,2.66,NA,1690413109
430,andrews farm,-34.6775,138.6637,15.77,65,9,3.12,AU,1690413109
431,pajapan,18.25,-94.7,26.09,74,69,3.96,MX,1690413109
432,pemangkat,1.1667,108.9667,25.55,88,100,4.4,ID,1690413109
433,haimen,23.1935,116.6142,28.38,75,100,4.09,CN,1690413109
434,san antonio de pale,-1.4014,5.6325,22.8,90,93,4.27,GQ,1690413109
435,kapuskasing,49.4169,-82.4331,22.88,63,100,2.15,CA,1690413109
436,kijang,35.2442,129.2139,25.85,76,31,1.28,KR,1690413109
437,kaohsiung,22.6163,120.3133,25.97,91,75,1.54,TW,1690413114
438,popondetta,-8.7537,148.2534,28.03,63,87,0.45,PG,1690413114
439,zhalantun,48.0,122.7167,20.53,89,83,1.94,CN,1690413114
440,remire-montjoly,4.9167,-52.2667,26.02,94,20,0.51,GF,1690412901
441,rio gallegos,-51.6226,-69.2181,-6.97,93,0,3.6,AR,1690413115
442,saint-philippe,-21.3585,55.7679,19.77,83,30,5.31,RE,1690413115
443,nalgonda,17.05,79.2667,23.58,91,100,9.86,IN,1690413115
444,el granada,37.5027,-122.4694,32.18,76,75,9.26,US,1690412978
445,newman,37.3138,-121.0208,40.59,9,0,6.35,US,1690413115
446,alta,69.9689,23.2717,15.59,72,100,3.6,NO,1690413115
447,northam,51.0333,-4.2167,18.14,98,100,9.74,GB,1690413115
448,qulsary,46.9531,54.0198,26.6,40,1,4.3,KZ,1690413115
449,kirakira,-10.4544,161.9205,27.09,85,91,5.84,SB,1690412983
450,kigorobya,1.6162,31.3089,20.71,70,96,1.24,UG,1690413115
451,dakoro,14.5106,6.765,30.28,52,61,5.78,NE,1690413115
452,knysna,-34.0363,23.0471,11.79,87,36,2.47,ZA,1690413115
453,lubao,14.9167,120.55,26.61,89,100,6.93,PH,1690413115
454,potrerillos,15.2333,-87.9667,32.04,57,61,3.01,HN,1690413116
455,berekua,15.2333,-61.3167,28.16,81,58,5.72,DM,1690413116
456,houlton,46.1262,-67.8403,26.23,59,0,2.57,US,1690413116
457,acarau,-2.8856,-40.12,26.03,80,30,8.28,BR,1690413116
458,nova vodolaha,49.7185,35.8708,19.15,71,62,4.5,UA,1690413116
459,waynesville,35.4887,-82.9887,27.58,84,91,1.34,US,1690413116
460,el alto,-4.2714,-81.2147,23.81,78,98,7.78,PE,1690413116
461,dryden,49.7833,-92.7503,29.25,43,85,2.63,CA,1690413116
462,malmyzh,56.5205,50.6818,17.04,91,77,3.71,RU,1690413116
463,kembe,4.6228,21.8865,21.23,94,72,0.03,CF,1690413116
464,isabela,6.7085,121.9711,26.24,89,90,2.16,PH,1690413116
465,kasserine,35.1676,8.8365,24.05,50,0,3.0,TN,1690413116
466,sangolqui,-0.3341,-78.4522,16.27,88,84,0.65,EC,1690413116
467,watford city,47.8022,-103.2832,33.92,20,0,6.69,US,1690413116
468,asau,46.4333,26.4,18.51,93,99,2.02,RO,1690413117
469,tocache,-8.1842,-76.5125,27.13,62,76,0.8,PE,1690413117
470,happy valley-goose bay,53.3168,-60.3315,20.77,62,81,1.14,CA,1690412943
471,la union,-5.4,-80.75,26.51,55,50,7.88,PE,1690413117
472,onega,63.9061,38.1404,12.56,90,100,1.82,RU,1690413117
473,balqash,46.8481,74.995,24.8,43,19,4.69,KZ,1690413117
474,teluknaga,-6.0989,106.6381,26.21,100,40,3.09,ID,1690413117
475,banda aceh,5.5577,95.3222,26.78,76,100,5.4,ID,1690413117
476,buckeye,33.3703,-112.5838,48.75,14,0,5.14,US,1690413074
477,ojuelos de jalisco,21.8667,-101.5833,21.7,37,98,6.07,MX,1690413117
478,tarrafal,15.2833,-23.7667,27.44,87,80,5.17,CV,1690413117
479,yambio,4.5721,28.3955,20.15,97,100,1.28,SS,1690413117
480,desterro,-7.2906,-37.0939,21.97,59,25,6.9,BR,1690413117
481,prado,-17.3411,-39.2208,21.48,76,18,2.52,BR,1690413117
482,pyt-yakh,60.7499,72.8582,14.76,96,84,2.52,RU,1690413117
483,castillos,-34.1667,-53.8333,10.44,80,57,6.55,UY,1690413118
484,aurich,53.4667,7.4833,14.41,90,22,2.06,DE,1690413118
485,zakharivka,47.3333,29.75,20.48,92,81,2.54,UA,1690413118
486,campos belos,-13.0367,-46.7717,23.95,32,20,1.63,BR,1690413118
487,tayud,10.3782,123.994,27.7,77,97,5.51,PH,1690413118
488,bella vista,36.4295,-94.2316,34.5,52,0,5.14,US,1690413118
489,hami,42.8,93.45,28.12,14,2,4.06,CN,1690413114
490,laem sing,12.4816,102.0738,26.8,86,100,2.63,TH,1690413118
491,arvi,20.9833,78.2333,26.49,87,100,2.34,IN,1690413118
492,mount pearl,47.5166,-52.7813,21.52,70,98,4.83,CA,1690412855
493,panama city beach,30.1766,-85.8055,32.21,63,0,4.12,US,1690413063
494,ipira,-12.1583,-39.7372,20.45,83,57,4.89,BR,1690413118
495,tyul'gan,52.3405,56.166,17.3,73,24,1.24,RU,1690413118
496,nikolayevsk-on-amure,53.1406,140.73,21.46,75,84,2.08,RU,1690413118
497,alapayevsk,57.8516,61.6963,13.14,97,38,2.33,RU,1690413118
498,pimentel,-6.8367,-79.9342,24.16,69,20,7.2,PE,1690413119
499,zeerust,-25.5369,26.0751,10.36,70,0,2.33,ZA,1690413119
500,preobrazheniye,42.9019,133.9064,22.94,88,100,2.86,RU,1690413119
501,ugoofaaru,5.6667,73.0,27.57,76,98,1.31,MV,1690413119
502,kalmunai,7.4167,81.8167,26.5,77,100,2.66,LK,1690413119
503,winneba,5.3511,-0.6231,23.86,95,49,2.89,GH,1690413119
504,amalapuram,16.5833,82.0167,24.59,92,100,4.53,IN,1690413119
505,inhambane,-23.865,35.3833,19.12,66,46,2.64,MZ,1690413119
506,umluj,25.0213,37.2685,32.49,45,91,1.64,SA,1690413119
507,hailar,49.2,119.7,19.19,85,100,2.99,CN,1690413119
508,lagunas,-5.2269,-75.6753,28.7,59,83,0.94,PE,1690413119
509,san remo,43.8182,7.7612,21.28,66,9,4.38,IT,1690413119
510,krasnyye baki,57.131,45.1599,18.55,96,98,4.69,RU,1690413119
511,black river,18.0264,-77.8487,29.71,70,99,2.35,JM,1690413120
512,angahuan,19.55,-102.1833,16.33,92,92,0.74,MX,1690413120
513,bayanaul,50.7889,75.6956,18.55,58,100,0.35,KZ,1690413120
514,dunedin,-45.8742,170.5036,8.22,53,92,9.83,NZ,1690413120
515,ampanihy,-24.7,44.75,15.66,64,0,5.43,MG,1690413120
516,westport,41.1415,-73.3579,29.6,70,0,6.17,US,1690413120
517,byron bay,-28.65,153.6167,14.84,59,83,2.01,AU,1690413120
518,napili-honokowai,20.9708,-156.6705,30.64,87,5,7.8,US,1690413120
519,nahiyat ash shinafiyah,31.5874,44.6602,36.6,12,0,2.01,IQ,1690412838
520,kidal,18.4411,1.4078,34.58,28,55,3.57,ML,1690413120
521,liuhe,42.2401,125.7172,22.35,92,54,2.53,CN,1690413120
522,kargasok,59.0556,80.8572,14.12,96,36,2.81,RU,1690413120
523,victorica,-36.2151,-65.4359,10.15,45,85,1.41,AR,1690413120
524,yurty,56.0498,97.6348,14.75,98,70,1.92,RU,1690413120
525,camana,-16.6228,-72.7111,17.43,83,79,3.21,PE,1690413121
526,nanyuki,0.0167,37.0728,14.8,69,83,4.87,KE,1690413121
527,ubari,26.5921,12.7805,32.2,9,0,2.84,LY,1690413121
528,selkirk,50.1436,-96.8845,32.27,45,57,2.7,CA,1690413121
529,marondera,-18.1853,31.5519,7.78,96,30,2.95,ZW,1690413121
530,west bay,19.3667,-81.4167,31.11,78,59,0.45,KY,1690412909
531,progresso,-29.2442,-52.3122,14.46,90,100,2.35,BR,1690413121
532,holualoa,19.6228,-155.9522,29.2,78,40,5.66,US,1690412825
533,borzna,51.2546,32.4269,18.14,95,100,1.94,UA,1690413022
534,marsa alam,25.0757,34.8918,33.44,44,100,1.28,EG,1690413121
535,tokar,18.4254,37.729,34.99,37,43,11.65,SD,1690413121
536,akureyri,65.6835,-18.0878,9.96,71,75,1.03,IS,1690413121
537,volodarka,49.5248,29.9122,18.85,95,100,0.23,UA,1690413122
538,taroa,8.7058,171.2275,27.95,78,100,6.34,MH,1690412984
539,karakocan,38.9558,40.0386,24.43,30,0,1.64,TR,1690413122
540,eyl,7.9803,49.8164,24.59,76,29,10.53,SO,1690413122
541,gondal,21.9667,70.8,25.44,92,100,5.3,IN,1690413122
542,cao lanh,10.45,105.6333,25.97,87,100,3.99,VN,1690413122
543,stolin,51.8912,26.846,15.48,96,100,3.65,BY,1690413008
544,odesskoye,54.2111,72.9651,16.48,93,100,1.14,RU,1690413122
545,la gi,10.6667,107.7833,25.12,95,100,4.39,VN,1690413122
546,ust'-kut,56.7938,105.7672,17.1,90,100,1.09,RU,1690413122
547,aykhal,66.0,111.5,13.85,86,100,2.83,RU,1690413122
548,baiona,43.4833,-1.4833,19.03,94,0,1.54,FR,1690413122
549,den burg,53.0542,4.7972,15.53,83,100,3.09,NL,1690413123
550,anar darah,32.7587,61.654,32.06,12,0,5.27,AF,1690413123
551,kondalwadi,18.8,77.7667,24.0,93,100,7.61,IN,1690413124
552,gizo,-8.103,156.8419,27.2,85,91,7.59,SB,1690413125
553,baynjiwayn,35.6183,45.9541,23.5,24,0,2.34,IQ,1690413125
554,conception bay south,47.4999,-52.9981,22.18,70,98,5.42,CA,1690413104
555,aras-asan,8.8908,126.3033,26.18,85,100,3.77,PH,1690413125
556,krasnyy kholm,58.0607,37.1203,13.1,98,89,3.24,RU,1690413125
557,solnechnyy,50.7214,136.6319,22.94,72,14,1.03,RU,1690413125
558,whangarei,-35.7317,174.3239,13.32,75,91,4.07,NZ,1690413126
559,cabo san lucas,22.8909,-109.9124,34.78,65,20,5.66,MX,1690413064
560,peniche,39.3558,-9.3811,19.6,87,46,9.2,PT,1690413113
561,zmigrod,51.4667,16.9056,13.94,65,82,2.64,PL,1690413126
562,dwarka,22.2394,68.9678,27.63,82,99,8.96,IN,1690413126
563,egilsstadir,65.2653,-14.3948,8.08,92,96,3.57,IS,1690412910
564,vodnyy,63.5046,53.4095,12.46,87,26,1.71,RU,1690413126
565,fuerte olimpo,-21.0415,-57.8738,25.15,39,88,1.84,PY,1690413127
566,burg bei magdeburg,52.2715,11.8549,13.0,87,55,3.03,DE,1690413128
567,nguigmi,14.2495,13.1092,30.88,50,79,2.36,NE,1690413128
568,bulgan,48.8125,103.5347,14.45,74,43,1.64,MN,1690413128
569,arraial do cabo,-22.9661,-42.0278,21.56,84,49,10.43,BR,1690413129
570,punta de bombon,-17.1717,-71.7931,17.36,81,72,2.26,PE,1690413129
571,belyy yar,53.6039,91.3903,11.94,94,7,0.0,RU,1690413129
572,chernyshevsk,52.5243,117.0174,16.68,95,100,0.57,RU,1690413129
573,kaifeng,34.7911,114.3483,26.78,79,91,2.25,CN,1690413129
574,tidjikja,18.5564,-11.4271,32.49,37,30,8.51,MR,1690413130
575,phan thiet,10.9333,108.1,25.07,93,100,3.91,VN,1690413130
576,vilyuysk,63.7553,121.6247,16.7,50,41,2.96,RU,1690413125
577,fada,9.5667,8.3,21.07,92,94,0.37,NG,1690413130
578,srikakulam,18.3,83.9,26.0,92,97,6.47,IN,1690413130
579,nizhniy odes,63.6445,54.856,12.07,92,6,1.82,RU,1690413130
580,loen,7.7601,168.2307,28.18,77,74,4.5,MH,1690413130
581,clarksdale,34.2001,-90.5709,31.99,62,69,2.57,US,1690413075
582,zuwarah,32.9312,12.082,26.54,74,0,4.23,LY,1690413130
583,marat,25.0701,45.4615,33.34,10,48,3.25,SA,1690413130
